Year,Country,Variety,Liters
2009,Spain,Manzanilla,7036935
2009,Spain,Fino,2775016
2009,Spain,Pale Cream,50628
2009,Spain,Amontillado,53986
2009,Spain,Medium,34707
2009,Spain,Oloroso,437151
2009,Spain,Cream,1535287
2009,Spain,Other,500854
2009,United Kingdom,Manzanilla,288770
2009,United Kingdom,Fino,1492237
2009,United Kingdom,Pale Cream,3332025
2009,United Kingdom,Amontillado,2407835
2009,United Kingdom,Medium,324489
2009,United Kingdom,Oloroso,121909
2009,United Kingdom,Cream,5880133
2009,United Kingdom,Other,86864
2009,Netherlands,Manzanilla,431297
2009,Netherlands,Fino,3248385
2009,Netherlands,Pale Cream,1967
2009,Netherlands,Amontillado,6362
2009,Netherlands,Medium,4426765
2009,Netherlands,Oloroso,7289
2009,Netherlands,Cream,537429
2009,Netherlands,Other,106529
2009,Germany,Manzanilla,33542
2009,Germany,Fino,914020
2009,Germany,Pale Cream,18627
2009,Germany,Amontillado,54515
2009,Germany,Medium,2712598
2009,Germany,Oloroso,112147
2009,Germany,Cream,626939
2009,Germany,Other,229449
2009,United States,Manzanilla,28187
2009,United States,Fino,178285
2009,United States,Pale Cream,540
2009,United States,Amontillado,114420
2009,United States,Medium,182814
2009,United States,Oloroso,9159
2009,United States,Cream,1087396
2009,United States,Other,34218
2009,Belgium,Manzanilla,53146
2009,Belgium,Fino,1293629
2009,Belgium,Pale Cream,2954
2009,Belgium,Amontillado,13217
2009,Belgium,Medium,180479
2009,Belgium,Oloroso,5010
2009,Belgium,Cream,25045
2009,Belgium,Other,2862
2009,Sweden,Manzanilla,15818
2009,Sweden,Fino,9071
2009,Sweden,Pale Cream,0
2009,Sweden,Amontillado,153976
2009,Sweden,Medium,65113
2009,Sweden,Oloroso,27481
2009,Sweden,Cream,156706
2009,Sweden,Other,368
2009,Canada,Manzanilla,473
2009,Canada,Fino,27189
2009,Canada,Pale Cream,11453
2009,Canada,Amontillado,3555
2009,Canada,Medium,71924
2009,Canada,Oloroso,995
2009,Canada,Cream,223120
2009,Canada,Other,3782
2009,Denmark,Manzanilla,1419
2009,Denmark,Fino,58271
2009,Denmark,Pale Cream,437
2009,Denmark,Amontillado,6278
2009,Denmark,Medium,50430
2009,Denmark,Oloroso,35643
2009,Denmark,Cream,59522
2009,Denmark,Other,16235
2009,Japan,Manzanilla,31424
2009,Japan,Fino,89487
2009,Japan,Pale Cream,630
2009,Japan,Amontillado,8552
2009,Japan,Medium,4500
2009,Japan,Oloroso,8700
2009,Japan,Cream,8568
2009,Japan,Other,6760
2009,Finland,Manzanilla,4127
2009,Finland,Fino,25137
2009,Finland,Pale Cream,45
2009,Finland,Amontillado,10994
2009,Finland,Medium,61635
2009,Finland,Oloroso,50432
2009,Finland,Cream,80388
2009,Finland,Other,1776
2009,Other,Manzanilla,78932
2009,Other,Fino,523039
2009,Other,Pale Cream,54848
2009,Other,Amontillado,95300
2009,Other,Medium,271995
2009,Other,Oloroso,53611
2009,Other,Cream,392357
2009,Other,Other,132360
2010,Spain,Manzanilla,7206044
2010,Spain,Fino,2765122
2010,Spain,Pale Cream,39920
2010,Spain,Amontillado,61409
2010,Spain,Medium,61176
2010,Spain,Oloroso,540243
2010,Spain,Cream,1276860
2010,Spain,Moscatel,31541
2010,Spain,Pedro Ximénez,526587
2010,Spain,Other,220283
2010,United Kingdom,Manzanilla,260807
2010,United Kingdom,Fino,1387627
2010,United Kingdom,Pale Cream,3124415
2010,United Kingdom,Amontillado,2140576
2010,United Kingdom,Medium,373425
2010,United Kingdom,Oloroso,118604
2010,United Kingdom,Cream,5160079
2010,United Kingdom,Moscatel,10303
2010,United Kingdom,Pedro Ximénez,28095
2010,United Kingdom,Other,44465
2010,Netherlands,Manzanilla,232074
2010,Netherlands,Fino,3027547
2010,Netherlands,Pale Cream,6002
2010,Netherlands,Amontillado,11909
2010,Netherlands,Medium,4459222
2010,Netherlands,Oloroso,11018
2010,Netherlands,Cream,538527
2010,Netherlands,Moscatel,9363
2010,Netherlands,Pedro Ximénez,51550
2010,Netherlands,Other,653001
2010,Germany,Manzanilla,40706
2010,Germany,Fino,1052119
2010,Germany,Pale Cream,3035
2010,Germany,Amontillado,61300
2010,Germany,Medium,3122025
2010,Germany,Oloroso,625701
2010,Germany,Cream,254674
2010,Germany,Moscatel,11813
2010,Germany,Pedro Ximénez,116413
2010,Germany,Other,39253
2010,United States,Manzanilla,42139
2010,United States,Fino,240907
2010,United States,Pale Cream,540
2010,United States,Amontillado,182788
2010,United States,Medium,268434
2010,United States,Oloroso,28827
2010,United States,Cream,906429
2010,United States,Moscatel,3341
2010,United States,Pedro Ximénez,15937
2010,United States,Other,17943
2010,Belgium,Manzanilla,71393
2010,Belgium,Fino,1259627
2010,Belgium,Pale Cream,158
2010,Belgium,Amontillado,10262
2010,Belgium,Medium,156947
2010,Belgium,Oloroso,7675
2010,Belgium,Cream,23743
2010,Belgium,Moscatel,540
2010,Belgium,Pedro Ximénez,2992
2010,Belgium,Other,1485
2010,France,Manzanilla,23729
2010,France,Fino,211549
2010,France,Pale Cream,9
2010,France,Amontillado,26646
2010,France,Medium,222095
2010,France,Oloroso,8366
2010,France,Cream,49070
2010,France,Moscatel,1953
2010,France,Pedro Ximénez,16065
2010,France,Other,7127
2010,Sweden,Manzanilla,12321
2010,Sweden,Fino,11236
2010,Sweden,Pale Cream,0
2010,Sweden,Amontillado,155172
2010,Sweden,Medium,62143
2010,Sweden,Oloroso,32483
2010,Sweden,Cream,138212
2010,Sweden,Moscatel,27
2010,Sweden,Pedro Ximénez,841
2010,Sweden,Other,171
2010,Canada,Manzanilla,1332
2010,Canada,Fino,34817
2010,Canada,Pale Cream,16029
2010,Canada,Amontillado,1548
2010,Canada,Medium,89078
2010,Canada,Oloroso,4203
2010,Canada,Cream,220725
2010,Canada,Moscatel,18
2010,Canada,Pedro Ximénez,2192
2010,Canada,Other,5801
2010,Denmark,Manzanilla,1346
2010,Denmark,Fino,66353
2010,Denmark,Pale Cream,113
2010,Denmark,Amontillado,10038
2010,Denmark,Medium,95759
2010,Denmark,Oloroso,19584
2010,Denmark,Cream,100170
2010,Denmark,Moscatel,1502
2010,Denmark,Pedro Ximénez,7979
2010,Denmark,Other,1707
2010,Ireland,Manzanilla,1049
2010,Ireland,Fino,10709
2010,Ireland,Pale Cream,18630
2010,Ireland,Amontillado,65510
2010,Ireland,Medium,63
2010,Ireland,Oloroso,592
2010,Ireland,Cream,130390
2010,Ireland,Moscatel,0
2010,Ireland,Pedro Ximénez,1197
2010,Ireland,Other,124
2010,Other,Manzanilla,78375
2010,Other,Fino,595540
2010,Other,Pale Cream,6767
2010,Other,Amontillado,130204
2010,Other,Medium,229255
2010,Other,Oloroso,126102
2010,Other,Cream,353832
2010,Other,Moscatel,16476
2010,Other,Pedro Ximénez,82824
2010,Other,Other,16566
2011,Spain,Manzanilla,6914706
2011,Spain,Fino,2682003
2011,Spain,Pale Cream,10461
2011,Spain,Amontillado,83045
2011,Spain,Medium,119809
2011,Spain,Oloroso,450901
2011,Spain,Cream,998318
2011,Spain,Pedro Ximénez,554554
2011,Spain,Other,404348
2011,United Kingdom,Manzanilla,302400
2011,United Kingdom,Fino,1433577
2011,United Kingdom,Pale Cream,3076817
2011,United Kingdom,Amontillado,1993692
2011,United Kingdom,Medium,354160
2011,United Kingdom,Oloroso,120819
2011,United Kingdom,Cream,4376069
2011,United Kingdom,Pedro Ximénez,23142
2011,United Kingdom,Other,54378
2011,Netherlands,Manzanilla,190324
2011,Netherlands,Fino,2829386
2011,Netherlands,Pale Cream,683
2011,Netherlands,Amontillado,14441
2011,Netherlands,Medium,3818851
2011,Netherlands,Oloroso,10554
2011,Netherlands,Cream,599330
2011,Netherlands,Pedro Ximénez,29352
2011,Netherlands,Other,230036
2011,Germany,Manzanilla,34034
2011,Germany,Fino,953479
2011,Germany,Pale Cream,2894
2011,Germany,Amontillado,57654
2011,Germany,Medium,2348529
2011,Germany,Oloroso,536718
2011,Germany,Cream,239530
2011,Germany,Pedro Ximénez,102577
2011,Germany,Other,40150
2011,United States,Manzanilla,35120
2011,United States,Fino,131074
2011,United States,Pale Cream,3645
2011,United States,Amontillado,146305
2011,United States,Medium,190391
2011,United States,Oloroso,22002
2011,United States,Cream,861503
2011,United States,Pedro Ximénez,13443
2011,United States,Other,11144
2011,Belgium,Manzanilla,63042
2011,Belgium,Fino,825789
2011,Belgium,Pale Cream,117
2011,Belgium,Amontillado,10263
2011,Belgium,Medium,114072
2011,Belgium,Oloroso,3776
2011,Belgium,Cream,17972
2011,Belgium,Pedro Ximénez,1701
2011,Belgium,Other,40391
2011,France,Manzanilla,55085
2011,France,Fino,389249
2011,France,Pale Cream,60
2011,France,Amontillado,31199
2011,France,Medium,426546
2011,France,Oloroso,9515
2011,France,Cream,68031
2011,France,Pedro Ximénez,30985
2011,France,Other,7253
2011,Sweden,Manzanilla,10809
2011,Sweden,Fino,8375
2011,Sweden,Pale Cream,0
2011,Sweden,Amontillado,145699
2011,Sweden,Medium,53255
2011,Sweden,Oloroso,29782
2011,Sweden,Cream,132309
2011,Sweden,Pedro Ximénez,550
2011,Sweden,Other,684
2011,Canada,Manzanilla,2858
2011,Canada,Fino,25877
2011,Canada,Pale Cream,14045
2011,Canada,Amontillado,4104
2011,Canada,Medium,74786
2011,Canada,Oloroso,3267
2011,Canada,Cream,188663
2011,Canada,Pedro Ximénez,4440
2011,Canada,Other,12248
2011,Ireland,Manzanilla,1389
2011,Ireland,Fino,29096
2011,Ireland,Pale Cream,22365
2011,Ireland,Amontillado,68467
2011,Ireland,Medium,3668
2011,Ireland,Oloroso,3980
2011,Ireland,Cream,132369
2011,Ireland,Pedro Ximénez,1143
2011,Ireland,Other,135
2011,Denmark,Manzanilla,2693
2011,Denmark,Fino,72684
2011,Denmark,Pale Cream,45
2011,Denmark,Amontillado,7513
2011,Denmark,Medium,49583
2011,Denmark,Oloroso,36533
2011,Denmark,Cream,72952
2011,Denmark,Pedro Ximénez,11088
2011,Denmark,Other,1980
2011,Other,Manzanilla,90541
2011,Other,Fino,623556
2011,Other,Pale Cream,6579
2011,Other,Amontillado,188031
2011,Other,Medium,190320
2011,Other,Oloroso,137322
2011,Other,Cream,358889
2011,Other,Pedro Ximénez,79882
2011,Other,Other,22660
2012,Spain,Manzanilla,6883637
2012,Spain,Fino,2446373
2012,Spain,Pale Cream,45317
2012,Spain,Amontillado,77529
2012,Spain,Medium,49689
2012,Spain,Oloroso,434241
2012,Spain,Cream,914099
2012,Spain,Pedro Ximénez,567991
2012,Spain,Other,400935
2012,United Kingdom,Manzanilla,297133
2012,United Kingdom,Fino,1396692
2012,United Kingdom,Pale Cream,2901792
2012,United Kingdom,Amontillado,1515860
2012,United Kingdom,Medium,763671
2012,United Kingdom,Oloroso,124151
2012,United Kingdom,Cream,4976697
2012,United Kingdom,Pedro Ximénez,28510
2012,United Kingdom,Other,50024
2012,Netherlands,Manzanilla,148617
2012,Netherlands,Fino,2824787
2012,Netherlands,Pale Cream,6458
2012,Netherlands,Amontillado,24536
2012,Netherlands,Medium,4092840
2012,Netherlands,Oloroso,3400
2012,Netherlands,Cream,768767
2012,Netherlands,Pedro Ximénez,32274
2012,Netherlands,Other,62118
2012,Germany,Manzanilla,34748
2012,Germany,Fino,886685
2012,Germany,Pale Cream,4745
2012,Germany,Amontillado,53312
2012,Germany,Medium,2279746
2012,Germany,Oloroso,177937
2012,Germany,Cream,332025
2012,Germany,Pedro Ximénez,65347
2012,Germany,Other,28426
2012,United States,Manzanilla,38313
2012,United States,Fino,185127
2012,United States,Pale Cream,3273
2012,United States,Amontillado,216297
2012,United States,Medium,119444
2012,United States,Oloroso,29934
2012,United States,Cream,879872
2012,United States,Pedro Ximénez,17551
2012,United States,Other,17554
2012,Belgium,Manzanilla,43166
2012,Belgium,Fino,788619
2012,Belgium,Pale Cream,0
2012,Belgium,Amontillado,6711
2012,Belgium,Medium,95378
2012,Belgium,Oloroso,4844
2012,Belgium,Cream,5231
2012,Belgium,Pedro Ximénez,1061
2012,Belgium,Other,10770
2012,France,Manzanilla,57885
2012,France,Fino,309975
2012,France,Pale Cream,0
2012,France,Amontillado,26918
2012,France,Medium,339024
2012,France,Oloroso,8299
2012,France,Cream,45565
2012,France,Pedro Ximénez,19456
2012,France,Other,11018
2012,Sweden,Manzanilla,9405
2012,Sweden,Fino,8312
2012,Sweden,Pale Cream,0
2012,Sweden,Amontillado,58179
2012,Sweden,Medium,144498
2012,Sweden,Oloroso,6898
2012,Sweden,Cream,99771
2012,Sweden,Pedro Ximénez,1400
2012,Sweden,Other,425
2012,Canada,Manzanilla,4539
2012,Canada,Fino,22103
2012,Canada,Pale Cream,12371
2012,Canada,Amontillado,3031
2012,Canada,Medium,80600
2012,Canada,Oloroso,4191
2012,Canada,Cream,207828
2012,Canada,Pedro Ximénez,9431
2012,Canada,Other,20085
2012,Ireland,Manzanilla,1295
2012,Ireland,Fino,10212
2012,Ireland,Pale Cream,16043
2012,Ireland,Amontillado,48146
2012,Ireland,Medium,59
2012,Ireland,Oloroso,653
2012,Ireland,Cream,131288
2012,Ireland,Pedro Ximénez,1537
2012,Ireland,Other,66
2012,Denmark,Manzanilla,2165
2012,Denmark,Fino,62231
2012,Denmark,Pale Cream,90
2012,Denmark,Amontillado,9421
2012,Denmark,Medium,32071
2012,Denmark,Oloroso,14438
2012,Denmark,Cream,75125
2012,Denmark,Pedro Ximénez,8018
2012,Denmark,Other,1342
2012,Other,Manzanilla,81894
2012,Other,Fino,521824
2012,Other,Pale Cream,11541
2012,Other,Amontillado,115025
2012,Other,Medium,205487
2012,Other,Oloroso,86506
2012,Other,Cream,369311
2012,Other,Pedro Ximénez,95880
2012,Other,Other,34223
2013,Spain,Manzanilla,6530538
2013,Spain,Fino,2510963
2013,Spain,Pale Cream,40362
2013,Spain,Amontillado,82240
2013,Spain,Medium,81321
2013,Spain,Oloroso,416622
2013,Spain,Cream,941749
2013,Spain,Pedro Ximénez,587371
2013,Spain,Other,420589
2013,United Kingdom,Manzanilla,260681
2013,United Kingdom,Fino,1243501
2013,United Kingdom,Pale Cream,2642730
2013,United Kingdom,Amontillado,897409
2013,United Kingdom,Medium,1152300
2013,United Kingdom,Oloroso,108684
2013,United Kingdom,Cream,4491033
2013,United Kingdom,Pedro Ximénez,51938
2013,United Kingdom,Other,185590
2013,Netherlands,Manzanilla,139671
2013,Netherlands,Fino,2214425
2013,Netherlands,Pale Cream,5108
2013,Netherlands,Amontillado,26056
2013,Netherlands,Medium,3230152
2013,Netherlands,Oloroso,2711
2013,Netherlands,Cream,613351
2013,Netherlands,Pedro Ximénez,32878
2013,Netherlands,Other,129884
2013,Germany,Manzanilla,34814
2013,Germany,Fino,797752
2013,Germany,Pale Cream,4697
2013,Germany,Amontillado,82486
2013,Germany,Medium,2361025
2013,Germany,Oloroso,12607
2013,Germany,Cream,196473
2013,Germany,Pedro Ximénez,81954
2013,Germany,Other,11494
2013,United States,Manzanilla,50477
2013,United States,Fino,229428
2013,United States,Pale Cream,689
2013,United States,Amontillado,234662
2013,United States,Medium,166998
2013,United States,Oloroso,21278
2013,United States,Cream,787643
2013,United States,Pedro Ximénez,18998
2013,United States,Other,10004
2013,Belgium,Manzanilla,45350
2013,Belgium,Fino,762431
2013,Belgium,Pale Cream,18
2013,Belgium,Amontillado,7692
2013,Belgium,Medium,95073
2013,Belgium,Oloroso,3688
2013,Belgium,Cream,9358
2013,Belgium,Pedro Ximénez,3019
2013,Belgium,Other,1377
2013,France,Manzanilla,52095
2013,France,Fino,296545
2013,France,Pale Cream,473
2013,France,Amontillado,31470
2013,France,Medium,352272
2013,France,Oloroso,8449
2013,France,Cream,49565
2013,France,Pedro Ximénez,23436
2013,France,Other,10689
2013,Canada,Manzanilla,2277
2013,Canada,Fino,21671
2013,Canada,Pale Cream,12929
2013,Canada,Amontillado,871
2013,Canada,Medium,71361
2013,Canada,Oloroso,654
2013,Canada,Cream,216948
2013,Canada,Pedro Ximénez,2592
2013,Canada,Other,14668
2013,Sweden,Manzanilla,16283
2013,Sweden,Fino,9999
2013,Sweden,Pale Cream,0
2013,Sweden,Amontillado,1179
2013,Sweden,Medium,202376
2013,Sweden,Oloroso,3320
2013,Sweden,Cream,79884
2013,Sweden,Pedro Ximénez,2079
2013,Sweden,Other,2727
2013,Denmark,Manzanilla,1559
2013,Denmark,Fino,62930
2013,Denmark,Pale Cream,90
2013,Denmark,Amontillado,9890
2013,Denmark,Medium,31946
2013,Denmark,Oloroso,34308
2013,Denmark,Cream,69231
2013,Denmark,Pedro Ximénez,9327
2013,Denmark,Other,1491
2013,Japan,Manzanilla,45359
2013,Japan,Fino,101678
2013,Japan,Pale Cream,842
2013,Japan,Amontillado,12067
2013,Japan,Medium,10688
2013,Japan,Oloroso,16417
2013,Japan,Cream,14158
2013,Japan,Pedro Ximénez,9162
2013,Japan,Other,8539
2013,Ireland,Manzanilla,645
2013,Ireland,Fino,9378
2013,Ireland,Pale Cream,18068
2013,Ireland,Amontillado,21642
2013,Ireland,Medium,28181
2013,Ireland,Oloroso,394
2013,Ireland,Cream,109887
2013,Ireland,Pedro Ximénez,654
2013,Ireland,Other,236
2013,Other,Manzanilla,41190
2013,Other,Fino,386052
2013,Other,Pale Cream,6683
2013,Other,Amontillado,116376
2013,Other,Medium,264767
2013,Other,Oloroso,56752
2013,Other,Cream,278719
2013,Other,Pedro Ximénez,105907
2013,Other,Other,21449
2014,Spain,Manzanilla,6506220
2014,Spain,Fino,2431962
2014,Spain,Pale Cream,43382
2014,Spain,Amontillado,81536
2014,Spain,Medium,81377
2014,Spain,Oloroso,405861
2014,Spain,Cream,961061
2014,Spain,Pedro Ximénez,574585
2014,Spain,Other,406039
2014,United Kingdom,Manzanilla,270841
2014,United Kingdom,Fino,1163857
2014,United Kingdom,Pale Cream,2661890
2014,United Kingdom,Amontillado,67559
2014,United Kingdom,Medium,1392061
2014,United Kingdom,Oloroso,53370
2014,United Kingdom,Cream,4308507
2014,United Kingdom,Pedro Ximénez,57400
2014,United Kingdom,Other,279833
2014,Netherlands,Manzanilla,128980
2014,Netherlands,Fino,2213963
2014,Netherlands,Pale Cream,2
2014,Netherlands,Amontillado,18940
2014,Netherlands,Medium,3122333
2014,Netherlands,Oloroso,3035
2014,Netherlands,Cream,612437
2014,Netherlands,Pedro Ximénez,40931
2014,Netherlands,Other,170115
2014,Germany,Manzanilla,30643
2014,Germany,Fino,744933
2014,Germany,Pale Cream,4372
2014,Germany,Amontillado,48734
2014,Germany,Medium,2315716
2014,Germany,Oloroso,8491
2014,Germany,Cream,109184
2014,Germany,Pedro Ximénez,70563
2014,Germany,Other,8848
2014,United States,Manzanilla,49976
2014,United States,Fino,201588
2014,United States,Pale Cream,549
2014,United States,Amontillado,51777
2014,United States,Medium,302930
2014,United States,Oloroso,21223
2014,United States,Cream,812580
2014,United States,Pedro Ximénez,22429
2014,United States,Other,9683
2014,Belgium,Manzanilla,37607
2014,Belgium,Fino,664641
2014,Belgium,Pale Cream,91
2014,Belgium,Amontillado,4274
2014,Belgium,Medium,76001
2014,Belgium,Oloroso,2366
2014,Belgium,Cream,5603
2014,Belgium,Pedro Ximénez,2084
2014,Belgium,Other,1329
2014,France,Manzanilla,37202
2014,France,Fino,261638
2014,France,Pale Cream,2
2014,France,Amontillado,37256
2014,France,Medium,299060
2014,France,Oloroso,11789
2014,France,Cream,52342
2014,France,Pedro Ximénez,18999
2014,France,Other,8017
2014,Canada,Manzanilla,4903
2014,Canada,Fino,20693
2014,Canada,Pale Cream,12051
2014,Canada,Amontillado,6278
2014,Canada,Medium,72252
2014,Canada,Oloroso,5784
2014,Canada,Cream,170540
2014,Canada,Pedro Ximénez,1831
2014,Canada,Other,17512
2014,Sweden,Manzanilla,12366
2014,Sweden,Fino,11958
2014,Sweden,Pale Cream,0
2014,Sweden,Amontillado,594
2014,Sweden,Medium,169545
2014,Sweden,Oloroso,4293
2014,Sweden,Cream,70665
2014,Sweden,Pedro Ximénez,1665
2014,Sweden,Other,2961
2014,Denmark,Manzanilla,1013
2014,Denmark,Fino,11156
2014,Denmark,Pale Cream,12420
2014,Denmark,Amontillado,33827
2014,Denmark,Medium,3211
2014,Denmark,Oloroso,905
2014,Denmark,Cream,111677
2014,Denmark,Pedro Ximénez,1372
2014,Denmark,Other,348
2014,Japan,Manzanilla,1995
2014,Japan,Fino,47289
2014,Japan,Pale Cream,113
2014,Japan,Amontillado,7321
2014,Japan,Medium,36750
2014,Japan,Oloroso,9384
2014,Japan,Cream,45272
2014,Japan,Pedro Ximénez,13488
2014,Japan,Other,2401
2014,Ireland,Manzanilla,36293
2014,Ireland,Fino,59109
2014,Ireland,Pale Cream,1350
2014,Ireland,Amontillado,9817
2014,Ireland,Medium,7101
2014,Ireland,Oloroso,7796
2014,Ireland,Cream,5558
2014,Ireland,Pedro Ximénez,5384
2014,Ireland,Other,4840
2014,Other,Manzanilla,50142
2014,Other,Fino,350335
2014,Other,Pale Cream,6272
2014,Other,Amontillado,45905
2014,Other,Medium,231060
2014,Other,Oloroso,48033
2014,Other,Cream,298127
2014,Other,Pedro Ximénez,135990
2014,Other,Other,26589
2015,Spain,Manzanilla,6364764
2015,Spain,Fino,2506750
2015,Spain,Pale Cream,41673
2015,Spain,Amontillado,92308
2015,Spain,Medium,144120
2015,Spain,Oloroso,402090
2015,Spain,Cream,1032768
2015,Spain,Pedro Ximénez,623362
2015,Spain,Other,313906
2015,United Kingdom,Manzanilla,289653
2015,United Kingdom,Fino,1197431
2015,United Kingdom,Pale Cream,2310780
2015,United Kingdom,Amontillado,113038
2015,United Kingdom,Medium,1347804
2015,United Kingdom,Oloroso,90158
2015,United Kingdom,Cream,4297197
2015,United Kingdom,Pedro Ximénez,93612
2015,United Kingdom,Other,228243
2015,Netherlands,Manzanilla,114542
2015,Netherlands,Fino,2334454
2015,Netherlands,Pale Cream,9
2015,Netherlands,Amontillado,12340
2015,Netherlands,Medium,3343243
2015,Netherlands,Oloroso,4533
2015,Netherlands,Cream,782091
2015,Netherlands,Pedro Ximénez,53678
2015,Netherlands,Other,26745
2015,Germany,Manzanilla,29003
2015,Germany,Fino,647349
2015,Germany,Pale Cream,2725
2015,Germany,Amontillado,5927
2015,Germany,Medium,1861879
2015,Germany,Oloroso,8321
2015,Germany,Cream,140070
2015,Germany,Pedro Ximénez,78620
2015,Germany,Other,11079
2015,United States,Manzanilla,50068
2015,United States,Fino,202467
2015,United States,Pale Cream,563
2015,United States,Amontillado,28026
2015,United States,Medium,313072
2015,United States,Oloroso,24391
2015,United States,Cream,765994
2015,United States,Pedro Ximénez,27653
2015,United States,Other,13613
2015,Belgium,Manzanilla,39434
2015,Belgium,Fino,641104
2015,Belgium,Pale Cream,45
2015,Belgium,Amontillado,2105
2015,Belgium,Medium,66983
2015,Belgium,Oloroso,2216
2015,Belgium,Cream,4595
2015,Belgium,Pedro Ximénez,3929
2015,Belgium,Other,1174
2015,France,Manzanilla,20136
2015,France,Fino,154254
2015,France,Pale Cream,0
2015,France,Amontillado,52635
2015,France,Medium,293901
2015,France,Oloroso,17842
2015,France,Cream,37507
2015,France,Pedro Ximénez,22561
2015,France,Other,11495
2015,Canada,Manzanilla,5172
2015,Canada,Fino,20467
2015,Canada,Pale Cream,11970
2015,Canada,Amontillado,3983
2015,Canada,Medium,84065
2015,Canada,Oloroso,1058
2015,Canada,Cream,236260
2015,Canada,Pedro Ximénez,1702
2015,Canada,Other,16993
2015,Sweden,Manzanilla,15961
2015,Sweden,Fino,13090
2015,Sweden,Pale Cream,0
2015,Sweden,Amontillado,5613
2015,Sweden,Medium,172104
2015,Sweden,Oloroso,3218
2015,Sweden,Cream,82728
2015,Sweden,Pedro Ximénez,1247
2015,Sweden,Other,1670
2015,Ireland,Manzanilla,1128
2015,Ireland,Fino,8553
2015,Ireland,Pale Cream,14265
2015,Ireland,Amontillado,45709
2015,Ireland,Medium,1931
2015,Ireland,Oloroso,623
2015,Ireland,Cream,106169
2015,Ireland,Pedro Ximénez,1586
2015,Ireland,Other,234
2015,Japan,Manzanilla,40232
2015,Japan,Fino,67267
2015,Japan,Pale Cream,4815
2015,Japan,Amontillado,11450
2015,Japan,Medium,10826
2015,Japan,Oloroso,9027
2015,Japan,Cream,11586
2015,Japan,Pedro Ximénez,6051
2015,Japan,Other,4779
2015,Finland,Manzanilla,6814
2015,Finland,Fino,10361
2015,Finland,Pale Cream,464
2015,Finland,Amontillado,1625
2015,Finland,Medium,89564
2015,Finland,Oloroso,3592
2015,Finland,Cream,42237
2015,Finland,Pedro Ximénez,466
2015,Finland,Other,68
2015,Denmark,Manzanilla,1928
2015,Denmark,Fino,46376
2015,Denmark,Pale Cream,135
2015,Denmark,Amontillado,3466
2015,Denmark,Medium,36437
2015,Denmark,Oloroso,3724
2015,Denmark,Cream,44847
2015,Denmark,Pedro Ximénez,10026
2015,Denmark,Other,1679
2015,Other,Manzanilla,30003
2015,Other,Fino,251976
2015,Other,Pale Cream,15515
2015,Other,Amontillado,24954
2015,Other,Medium,160611
2015,Other,Oloroso,27220
2015,Other,Cream,153528
2015,Other,Pedro Ximénez,98844
2015,Other,Other,12947
2016,Spain,Manzanilla,6558350
2016,Spain,Fino,2519114
2016,Spain,Pale Cream,48650
2016,Spain,Amontillado,113296
2016,Spain,Medium,355956
2016,Spain,Oloroso,420346
2016,Spain,Cream,1301874
2016,Spain,Moscatel,39201
2016,Spain,Pedro Ximénez,606284
2016,Spain,Palo Cortado,45797
2016,Spain,Dry,297
2016,Spain,Sweet,13367
2016,United Kingdom,Manzanilla,240371
2016,United Kingdom,Fino,1121085
2016,United Kingdom,Pale Cream,2409117
2016,United Kingdom,Amontillado,135497
2016,United Kingdom,Medium,1267838
2016,United Kingdom,Oloroso,102933
2016,United Kingdom,Cream,4343916
2016,United Kingdom,Moscatel,8567
2016,United Kingdom,Pedro Ximénez,66543
2016,United Kingdom,Palo Cortado,20572
2016,United Kingdom,Dry,212154
2016,United Kingdom,Sweet,0
2016,Netherlands,Manzanilla,82681
2016,Netherlands,Fino,2095753
2016,Netherlands,Pale Cream,0
2016,Netherlands,Amontillado,1247
2016,Netherlands,Medium,2903874
2016,Netherlands,Oloroso,2510
2016,Netherlands,Cream,576055
2016,Netherlands,Moscatel,2296
2016,Netherlands,Pedro Ximénez,43004
2016,Netherlands,Palo Cortado,227
2016,Netherlands,Dry,6143
2016,Netherlands,Sweet,0
2016,Germany,Manzanilla,33798
2016,Germany,Fino,501334
2016,Germany,Pale Cream,2657
2016,Germany,Amontillado,91146
2016,Germany,Medium,1429844
2016,Germany,Oloroso,10638
2016,Germany,Cream,156552
2016,Germany,Moscatel,6921
2016,Germany,Pedro Ximénez,76851
2016,Germany,Palo Cortado,1207
2016,Germany,Dry,1
2016,Germany,Sweet,0
2016,United States,Manzanilla,63894
2016,United States,Fino,172003
2016,United States,Pale Cream,2520
2016,United States,Amontillado,28477
2016,United States,Medium,302178
2016,United States,Oloroso,24818
2016,United States,Cream,626447
2016,United States,Moscatel,3763
2016,United States,Pedro Ximénez,21690
2016,United States,Palo Cortado,4080
2016,United States,Dry,0
2016,United States,Sweet,0
2016,Belgium,Manzanilla,33828
2016,Belgium,Fino,629993
2016,Belgium,Pale Cream,2
2016,Belgium,Amontillado,2404
2016,Belgium,Medium,52750
2016,Belgium,Oloroso,2393
2016,Belgium,Cream,5858
2016,Belgium,Moscatel,441
2016,Belgium,Pedro Ximénez,3577
2016,Belgium,Palo Cortado,539
2016,Belgium,Dry,0
2016,Belgium,Sweet,0
2016,France,Manzanilla,19631
2016,France,Fino,183988
2016,France,Pale Cream,0
2016,France,Amontillado,42216
2016,France,Medium,376337
2016,France,Oloroso,15079
2016,France,Cream,28580
2016,France,Moscatel,1062
2016,France,Pedro Ximénez,17218
2016,France,Palo Cortado,9174
2016,France,Dry,0
2016,France,Sweet,0
2016,Canada,Manzanilla,7989
2016,Canada,Fino,22685
2016,Canada,Pale Cream,11808
2016,Canada,Amontillado,5310
2016,Canada,Medium,79153
2016,Canada,Oloroso,3267
2016,Canada,Cream,101808
2016,Canada,Moscatel,410
2016,Canada,Pedro Ximénez,2012
2016,Canada,Palo Cortado,500
2016,Canada,Dry,17145
2016,Canada,Sweet,0
2016,Sweden,Manzanilla,14607
2016,Sweden,Fino,11138
2016,Sweden,Pale Cream,0
2016,Sweden,Amontillado,5501
2016,Sweden,Medium,123075
2016,Sweden,Oloroso,2831
2016,Sweden,Cream,20759
2016,Sweden,Moscatel,18
2016,Sweden,Pedro Ximénez,1619
2016,Sweden,Palo Cortado,674
2016,Sweden,Dry,0
2016,Sweden,Sweet,0
2016,Denmark,Manzanilla,2028
2016,Denmark,Fino,43900
2016,Denmark,Pale Cream,45
2016,Denmark,Amontillado,2652
2016,Denmark,Medium,42400
2016,Denmark,Oloroso,11054
2016,Denmark,Cream,63806
2016,Denmark,Moscatel,720
2016,Denmark,Pedro Ximénez,9213
2016,Denmark,Palo Cortado,234
2016,Denmark,Dry,0
2016,Denmark,Sweet,0
2016,Finland,Manzanilla,5148
2016,Finland,Fino,16772
2016,Finland,Pale Cream,0
2016,Finland,Amontillado,1958
2016,Finland,Medium,81585
2016,Finland,Oloroso,2608
2016,Finland,Cream,43665
2016,Finland,Moscatel,0
2016,Finland,Pedro Ximénez,96
2016,Finland,Palo Cortado,113
2016,Finland,Dry,0
2016,Finland,Sweet,0
2016,Japan,Manzanilla,35177
2016,Japan,Fino,53241
2016,Japan,Pale Cream,1143
2016,Japan,Amontillado,10502
2016,Japan,Medium,7527
2016,Japan,Oloroso,9125
2016,Japan,Cream,6530
2016,Japan,Moscatel,6074
2016,Japan,Pedro Ximénez,5471
2016,Japan,Palo Cortado,854
2016,Japan,Dry,0
2016,Japan,Sweet,0
2016,Ireland,Manzanilla,797
2016,Ireland,Fino,10758
2016,Ireland,Pale Cream,10868
2016,Ireland,Amontillado,37529
2016,Ireland,Medium,419
2016,Ireland,Oloroso,617
2016,Ireland,Cream,29999
2016,Ireland,Moscatel,59
2016,Ireland,Pedro Ximénez,978
2016,Ireland,Palo Cortado,134
2016,Ireland,Dry,0
2016,Ireland,Sweet,0
2016,Other,Manzanilla,28725
2016,Other,Fino,267545
2016,Other,Pale Cream,7691
2016,Other,Amontillado,26024
2016,Other,Medium,135322
2016,Other,Oloroso,26898
2016,Other,Cream,126540
2016,Other,Moscatel,7913
2016,Other,Pedro Ximénez,117324
2016,Other,Palo Cortado,3458
2016,Other,Dry,150
2016,Other,Sweet,36
2017,Spain,Manzanilla,6571381
2017,Spain,Fino,2415381
2017,Spain,Pale Cream,46063
2017,Spain,Amontillado,132261
2017,Spain,Medium,198261
2017,Spain,Oloroso,460284
2017,Spain,Cream,1338756
2017,Spain,Moscatel,38273
2017,Spain,Pedro Ximénez,627417
2017,Spain,Palo Cortado,56786
2017,Spain,Dry,419
2017,United Kingdom,Manzanilla,232491
2017,United Kingdom,Fino,919377
2017,United Kingdom,Pale Cream,2124971
2017,United Kingdom,Amontillado,160858
2017,United Kingdom,Medium,1247495
2017,United Kingdom,Oloroso,119739
2017,United Kingdom,Cream,4230676
2017,United Kingdom,Moscatel,11336
2017,United Kingdom,Pedro Ximénez,74078
2017,United Kingdom,Palo Cortado,26867
2017,United Kingdom,Dry,189986
2017,Netherlands,Manzanilla,63791
2017,Netherlands,Fino,1655950
2017,Netherlands,Pale Cream,6000
2017,Netherlands,Amontillado,3935
2017,Netherlands,Medium,2599465
2017,Netherlands,Oloroso,2144
2017,Netherlands,Cream,450858
2017,Netherlands,Moscatel,2205
2017,Netherlands,Pedro Ximénez,42266
2017,Netherlands,Palo Cortado,355
2017,Netherlands,Dry,3308
2017,Germany,Manzanilla,19051
2017,Germany,Fino,410349
2017,Germany,Pale Cream,1835
2017,Germany,Amontillado,27411
2017,Germany,Medium,1223431
2017,Germany,Oloroso,11381
2017,Germany,Cream,112995
2017,Germany,Moscatel,6961
2017,Germany,Pedro Ximénez,41845
2017,Germany,Palo Cortado,1907
2017,Germany,Dry,172
2017,United States,Manzanilla,52450
2017,United States,Fino,194771
2017,United States,Pale Cream,0
2017,United States,Amontillado,35082
2017,United States,Medium,325890
2017,United States,Oloroso,23005
2017,United States,Cream,574469
2017,United States,Moscatel,5208
2017,United States,Pedro Ximénez,18144
2017,United States,Palo Cortado,3227
2017,United States,Dry,0
2017,Belgium,Manzanilla,37113
2017,Belgium,Fino,690689
2017,Belgium,Pale Cream,45
2017,Belgium,Amontillado,2788
2017,Belgium,Medium,66127
2017,Belgium,Oloroso,2903
2017,Belgium,Cream,11477
2017,Belgium,Moscatel,585
2017,Belgium,Pedro Ximénez,3383
2017,Belgium,Palo Cortado,710
2017,Belgium,Dry,0
2017,France,Manzanilla,18783
2017,France,Fino,182100
2017,France,Pale Cream,0
2017,France,Amontillado,52784
2017,France,Medium,501215
2017,France,Oloroso,17613
2017,France,Cream,28839
2017,France,Moscatel,5442
2017,France,Pedro Ximénez,18919
2017,France,Palo Cortado,10107
2017,France,Dry,0
2017,Canada,Manzanilla,4725
2017,Canada,Fino,24177
2017,Canada,Pale Cream,7335
2017,Canada,Amontillado,5177
2017,Canada,Medium,88569
2017,Canada,Oloroso,4094
2017,Canada,Cream,118649
2017,Canada,Moscatel,200
2017,Canada,Pedro Ximénez,1132
2017,Canada,Palo Cortado,530
2017,Canada,Dry,15525
2017,Sweden,Manzanilla,17801
2017,Sweden,Fino,11349
2017,Sweden,Pale Cream,0
2017,Sweden,Amontillado,4937
2017,Sweden,Medium,121072
2017,Sweden,Oloroso,7996
2017,Sweden,Cream,11515
2017,Sweden,Moscatel,107
2017,Sweden,Pedro Ximénez,1287
2017,Sweden,Palo Cortado,1277
2017,Sweden,Dry,0
2017,Denmark,Manzanilla,2192
2017,Denmark,Fino,53584
2017,Denmark,Pale Cream,0
2017,Denmark,Amontillado,3138
2017,Denmark,Medium,37667
2017,Denmark,Oloroso,5663
2017,Denmark,Cream,47165
2017,Denmark,Moscatel,1175
2017,Denmark,Pedro Ximénez,10665
2017,Denmark,Palo Cortado,426
2017,Denmark,Dry,0
2017,Finland,Manzanilla,2763
2017,Finland,Fino,2459
2017,Finland,Pale Cream,0
2017,Finland,Amontillado,378
2017,Finland,Medium,72464
2017,Finland,Oloroso,1984
2017,Finland,Cream,34920
2017,Finland,Moscatel,0
2017,Finland,Pedro Ximénez,159
2017,Finland,Palo Cortado,563
2017,Finland,Dry,0
2017,Japan,Manzanilla,33869
2017,Japan,Fino,53870
2017,Japan,Pale Cream,1080
2017,Japan,Amontillado,12387
2017,Japan,Medium,2820
2017,Japan,Oloroso,9129
2017,Japan,Cream,5364
2017,Japan,Moscatel,4698
2017,Japan,Pedro Ximénez,7400
2017,Japan,Palo Cortado,2501
2017,Japan,Dry,0
2017,Ireland,Manzanilla,1271
2017,Ireland,Fino,11652
2017,Ireland,Pale Cream,11903
2017,Ireland,Amontillado,38317
2017,Ireland,Medium,398
2017,Ireland,Oloroso,785
2017,Ireland,Cream,1796
2017,Ireland,Moscatel,95
2017,Ireland,Pedro Ximénez,1256
2017,Ireland,Palo Cortado,127
2017,Ireland,Dry,0
2017,Other,Manzanilla,42631
2017,Other,Fino,301155
2017,Other,Pale Cream,12805
2017,Other,Amontillado,30125
2017,Other,Medium,165399
2017,Other,Oloroso,23184
2017,Other,Cream,116582
2017,Other,Moscatel,6974
2017,Other,Pedro Ximénez,139498
2017,Other,Palo Cortado,4219
2017,Other,Dry,3402
2018,Spain,Manzanilla,6559958
2018,Spain,Fino,2342544
2018,Spain,Pale Cream,37593
2018,Spain,Amontillado,134374
2018,Spain,Medium,193980
2018,Spain,Oloroso,455194
2018,Spain,Cream,1375152
2018,Spain,Moscatel,41166
2018,Spain,Pedro Ximénez,591959
2018,Spain,Palo Cortado,56802
2018,Spain,Dry,386
2018,United Kingdom,Manzanilla,191312
2018,United Kingdom,Fino,912331
2018,United Kingdom,Pale Cream,2099540
2018,United Kingdom,Amontillado,117872
2018,United Kingdom,Medium,1100941
2018,United Kingdom,Oloroso,73398
2018,United Kingdom,Cream,3701182
2018,United Kingdom,Moscatel,2244
2018,United Kingdom,Pedro Ximénez,96387
2018,United Kingdom,Palo Cortado,21730
2018,United Kingdom,Dry,146541
2018,Netherlands,Manzanilla,51827
2018,Netherlands,Fino,1433101
2018,Netherlands,Pale Cream,5
2018,Netherlands,Amontillado,1036
2018,Netherlands,Medium,2204359
2018,Netherlands,Oloroso,1496
2018,Netherlands,Cream,426481
2018,Netherlands,Moscatel,999
2018,Netherlands,Pedro Ximénez,42346
2018,Netherlands,Palo Cortado,102
2018,Netherlands,Dry,4725
2018,Germany,Manzanilla,21130
2018,Germany,Fino,409311
2018,Germany,Pale Cream,2330
2018,Germany,Amontillado,7251
2018,Germany,Medium,1203365
2018,Germany,Oloroso,11664
2018,Germany,Cream,55100
2018,Germany,Moscatel,6611
2018,Germany,Pedro Ximénez,44776
2018,Germany,Palo Cortado,1199
2018,Germany,Dry,225
2018,United States,Manzanilla,56167
2018,United States,Fino,177012
2018,United States,Pale Cream,0
2018,United States,Amontillado,30028
2018,United States,Medium,233857
2018,United States,Oloroso,22357
2018,United States,Cream,688953
2018,United States,Moscatel,7124
2018,United States,Pedro Ximénez,24226
2018,United States,Palo Cortado,3077
2018,United States,Dry,0
2018,Belgium,Manzanilla,31265
2018,Belgium,Fino,626066
2018,Belgium,Pale Cream,0
2018,Belgium,Amontillado,2871
2018,Belgium,Medium,56950
2018,Belgium,Oloroso,2211
2018,Belgium,Cream,19314
2018,Belgium,Moscatel,333
2018,Belgium,Pedro Ximénez,8430
2018,Belgium,Palo Cortado,528
2018,Belgium,Dry,0
2018,France,Manzanilla,22613
2018,France,Fino,194638
2018,France,Pale Cream,180
2018,France,Amontillado,58046
2018,France,Medium,482754
2018,France,Oloroso,23351
2018,France,Cream,28295
2018,France,Moscatel,1896
2018,France,Pedro Ximénez,20852
2018,France,Palo Cortado,9496
2018,France,Dry,0
2018,Canada,Manzanilla,8958
2018,Canada,Fino,21965
2018,Canada,Pale Cream,7020
2018,Canada,Amontillado,3655
2018,Canada,Medium,69530
2018,Canada,Oloroso,1145
2018,Canada,Cream,96500
2018,Canada,Moscatel,432
2018,Canada,Pedro Ximénez,826
2018,Canada,Palo Cortado,132
2018,Canada,Dry,15525
2018,Japan,Manzanilla,43755
2018,Japan,Fino,63585
2018,Japan,Pale Cream,1688
2018,Japan,Amontillado,12323
2018,Japan,Medium,8093
2018,Japan,Oloroso,13508
2018,Japan,Cream,9436
2018,Japan,Moscatel,5013
2018,Japan,Pedro Ximénez,8255
2018,Japan,Palo Cortado,1170
2018,Japan,Dry,0
2018,Sweden,Manzanilla,12717
2018,Sweden,Fino,10085
2018,Sweden,Pale Cream,0
2018,Sweden,Amontillado,3015
2018,Sweden,Medium,100964
2018,Sweden,Oloroso,6057
2018,Sweden,Cream,10541
2018,Sweden,Moscatel,36
2018,Sweden,Pedro Ximénez,569
2018,Sweden,Palo Cortado,257
2018,Sweden,Dry,0
2018,Denmark,Manzanilla,2522
2018,Denmark,Fino,36680
2018,Denmark,Pale Cream,45
2018,Denmark,Amontillado,1602
2018,Denmark,Medium,34691
2018,Denmark,Oloroso,7791
2018,Denmark,Cream,36963
2018,Denmark,Moscatel,1431
2018,Denmark,Pedro Ximénez,8184
2018,Denmark,Palo Cortado,617
2018,Denmark,Dry,0
2018,Finland,Manzanilla,2699
2018,Finland,Fino,2582
2018,Finland,Pale Cream,527
2018,Finland,Amontillado,540
2018,Finland,Medium,71271
2018,Finland,Oloroso,2695
2018,Finland,Cream,36711
2018,Finland,Moscatel,0
2018,Finland,Pedro Ximénez,23
2018,Finland,Palo Cortado,486
2018,Finland,Dry,0
2018,Ireland,Manzanilla,1012
2018,Ireland,Fino,11379
2018,Ireland,Pale Cream,13041
2018,Ireland,Amontillado,37285
2018,Ireland,Medium,405
2018,Ireland,Oloroso,542
2018,Ireland,Cream,222
2018,Ireland,Moscatel,10
2018,Ireland,Pedro Ximénez,1185
2018,Ireland,Palo Cortado,188
2018,Ireland,Dry,0
2018,Other,Manzanilla,43777
2018,Other,Fino,288066
2018,Other,Pale Cream,8821
2018,Other,Amontillado,26656
2018,Other,Medium,145192
2018,Other,Oloroso,35701
2018,Other,Cream,92100
2018,Other,Moscatel,8843
2018,Other,Pedro Ximénez,128686
2018,Other,Palo Cortado,6838
2018,Other,Dry,270
2019,Spain,Manzanilla,6477188
2019,Spain,Fino,2193951
2019,Spain,Pale Cream,29445
2019,Spain,Amontillado,137852
2019,Spain,Medium,142307
2019,Spain,Oloroso,448028
2019,Spain,Cream,1385877
2019,Spain,Moscatel,38356
2019,Spain,Pedro Ximénez,568479
2019,Spain,Palo Cortado,57811
2019,Spain,Dry,246
2019,Spain,Dulce,56124
2019,United Kingdom,Manzanilla,175191
2019,United Kingdom,Fino,910926
2019,United Kingdom,Pale Cream,1991985
2019,United Kingdom,Amontillado,78120
2019,United Kingdom,Medium,1209958
2019,United Kingdom,Oloroso,61429
2019,United Kingdom,Cream,3502034
2019,United Kingdom,Moscatel,1523
2019,United Kingdom,Pedro Ximénez,98783
2019,United Kingdom,Palo Cortado,22454
2019,United Kingdom,Dry,127380
2019,United Kingdom,Dulce,0
2019,Netherlands,Manzanilla,59467
2019,Netherlands,Fino,1477639
2019,Netherlands,Pale Cream,0
2019,Netherlands,Amontillado,1339
2019,Netherlands,Medium,2351566
2019,Netherlands,Oloroso,968
2019,Netherlands,Cream,730711
2019,Netherlands,Moscatel,1283
2019,Netherlands,Pedro Ximénez,43667
2019,Netherlands,Palo Cortado,232
2019,Netherlands,Dry,2453
2019,Netherlands,Dulce,0
2019,Germany,Manzanilla,31349
2019,Germany,Fino,380893
2019,Germany,Pale Cream,1645
2019,Germany,Amontillado,9894
2019,Germany,Medium,1136966
2019,Germany,Oloroso,10077
2019,Germany,Cream,73014
2019,Germany,Moscatel,4349
2019,Germany,Pedro Ximénez,58974
2019,Germany,Palo Cortado,1861
2019,Germany,Dry,171
2019,Germany,Dulce,90
2019,United States,Manzanilla,61824
2019,United States,Fino,138143
2019,United States,Pale Cream,0
2019,United States,Amontillado,32341
2019,United States,Medium,270827
2019,United States,Oloroso,21742
2019,United States,Cream,504389
2019,United States,Moscatel,2317
2019,United States,Pedro Ximénez,29334
2019,United States,Palo Cortado,4007
2019,United States,Dry,0
2019,United States,Dulce,0
2019,Belgium,Manzanilla,31818
2019,Belgium,Fino,595880
2019,Belgium,Pale Cream,0
2019,Belgium,Amontillado,1830
2019,Belgium,Medium,59679
2019,Belgium,Oloroso,2151
2019,Belgium,Cream,11654
2019,Belgium,Moscatel,230
2019,Belgium,Pedro Ximénez,1811
2019,Belgium,Palo Cortado,607
2019,Belgium,Dry,0
2019,Belgium,Dulce,0
2019,France,Manzanilla,25332
2019,France,Fino,185957
2019,France,Pale Cream,135
2019,France,Amontillado,60771
2019,France,Medium,494897
2019,France,Oloroso,20382
2019,France,Cream,34329
2019,France,Moscatel,689
2019,France,Pedro Ximénez,29157
2019,France,Palo Cortado,10978
2019,France,Dry,0
2019,France,Dulce,0
2019,Canada,Manzanilla,7513
2019,Canada,Fino,25001
2019,Canada,Pale Cream,10701
2019,Canada,Amontillado,4154
2019,Canada,Medium,63603
2019,Canada,Oloroso,1129
2019,Canada,Cream,122157
2019,Canada,Moscatel,486
2019,Canada,Pedro Ximénez,1264
2019,Canada,Palo Cortado,519
2019,Canada,Dry,18900
2019,Canada,Dulce,0
2019,Sweden,Manzanilla,14160
2019,Sweden,Fino,13551
2019,Sweden,Pale Cream,96
2019,Sweden,Amontillado,3375
2019,Sweden,Medium,109008
2019,Sweden,Oloroso,7450
2019,Sweden,Cream,11702
2019,Sweden,Moscatel,270
2019,Sweden,Pedro Ximénez,3438
2019,Sweden,Palo Cortado,221
2019,Sweden,Dry,0
2019,Sweden,Dulce,0
2019,Japan,Manzanilla,35324
2019,Japan,Fino,63687
2019,Japan,Pale Cream,1539
2019,Japan,Amontillado,12346
2019,Japan,Medium,7735
2019,Japan,Oloroso,14498
2019,Japan,Cream,10065
2019,Japan,Moscatel,3969
2019,Japan,Pedro Ximénez,7551
2019,Japan,Palo Cortado,1409
2019,Japan,Dry,0
2019,Japan,Dulce,450
2019,Denmark,Manzanilla,2965
2019,Denmark,Fino,46108
2019,Denmark,Pale Cream,0
2019,Denmark,Amontillado,1958
2019,Denmark,Medium,31987
2019,Denmark,Oloroso,5960
2019,Denmark,Cream,45767
2019,Denmark,Moscatel,563
2019,Denmark,Pedro Ximénez,10192
2019,Denmark,Palo Cortado,478
2019,Denmark,Dry,0
2019,Denmark,Dulce,150
2019,Finland,Manzanilla,4919
2019,Finland,Fino,3542
2019,Finland,Pale Cream,0
2019,Finland,Amontillado,0
2019,Finland,Medium,65588
2019,Finland,Oloroso,3398
2019,Finland,Cream,32085
2019,Finland,Moscatel,180
2019,Finland,Pedro Ximénez,248
2019,Finland,Palo Cortado,0
2019,Finland,Dry,0
2019,Finland,Dulce,0
2019,Ireland,Manzanilla,1071
2019,Ireland,Fino,8988
2019,Ireland,Pale Cream,7245
2019,Ireland,Amontillado,282
2019,Ireland,Medium,43254
2019,Ireland,Oloroso,584
2019,Ireland,Cream,158
2019,Ireland,Moscatel,32
2019,Ireland,Pedro Ximénez,1242
2019,Ireland,Palo Cortado,135
2019,Ireland,Dry,0
2019,Ireland,Dulce,0
2019,Other,Manzanilla,41098
2019,Other,Fino,335768
2019,Other,Pale Cream,7968
2019,Other,Amontillado,24883
2019,Other,Medium,168759
2019,Other,Oloroso,36165
2019,Other,Cream,189883
2019,Other,Moscatel,9629
2019,Other,Pedro Ximénez,166219
2019,Other,Palo Cortado,5504
2019,Other,Dry,30
2019,Other,Dulce,0
2020,Spain,Manzanilla,4942640
2020,Spain,Fino,1773518
2020,Spain,Pale Cream,16776
2020,Spain,Amontillado,120261
2020,Spain,Medium,100349
2020,Spain,Oloroso,400608
2020,Spain,Cream,1263922
2020,Spain,Moscatel,39612
2020,Spain,Pedro Ximénez,507276
2020,Spain,Palo Cortado,54570
2020,Spain,Dry,360
2020,Spain,Dulce,82829
2020,United Kingdom,Manzanilla,206481
2020,United Kingdom,Fino,959676
2020,United Kingdom,Pale Cream,2492669
2020,United Kingdom,Amontillado,116376
2020,United Kingdom,Medium,1165818
2020,United Kingdom,Oloroso,55253
2020,United Kingdom,Cream,4257357
2020,United Kingdom,Moscatel,1499
2020,United Kingdom,Pedro Ximénez,150259
2020,United Kingdom,Palo Cortado,35541
2020,United Kingdom,Dry,126218
2020,United Kingdom,Dulce,282
2020,Netherlands,Manzanilla,57034
2020,Netherlands,Fino,1279039
2020,Netherlands,Pale Cream,0
2020,Netherlands,Amontillado,1380
2020,Netherlands,Medium,1579458
2020,Netherlands,Oloroso,2610
2020,Netherlands,Cream,519939
2020,Netherlands,Moscatel,1121
2020,Netherlands,Pedro Ximénez,37510
2020,Netherlands,Palo Cortado,295
2020,Netherlands,Dry,1553
2020,Netherlands,Dulce,0
2020,Germany,Manzanilla,22122
2020,Germany,Fino,293606
2020,Germany,Pale Cream,1485
2020,Germany,Amontillado,14542
2020,Germany,Medium,1074958
2020,Germany,Oloroso,9140
2020,Germany,Cream,66956
2020,Germany,Moscatel,4464
2020,Germany,Pedro Ximénez,40961
2020,Germany,Palo Cortado,1958
2020,Germany,Dry,216
2020,Germany,Dulce,6
2020,United States,Manzanilla,44090
2020,United States,Fino,190019
2020,United States,Pale Cream,0
2020,United States,Amontillado,54801
2020,United States,Medium,241778
2020,United States,Oloroso,20328
2020,United States,Cream,519658
2020,United States,Moscatel,2169
2020,United States,Pedro Ximénez,21949
2020,United States,Palo Cortado,2705
2020,United States,Dry,0
2020,United States,Dulce,0
2020,Belgium,Manzanilla,37990
2020,Belgium,Fino,661434
2020,Belgium,Pale Cream,90
2020,Belgium,Amontillado,2363
2020,Belgium,Medium,58489
2020,Belgium,Oloroso,2481
2020,Belgium,Cream,30950
2020,Belgium,Moscatel,279
2020,Belgium,Pedro Ximénez,1674
2020,Belgium,Palo Cortado,656
2020,Belgium,Dry,0
2020,Belgium,Dulce,0
2020,France,Manzanilla,7667
2020,France,Fino,163917
2020,France,Pale Cream,36
2020,France,Amontillado,19166
2020,France,Medium,478463
2020,France,Oloroso,7409
2020,France,Cream,12464
2020,France,Moscatel,559
2020,France,Pedro Ximénez,8251
2020,France,Palo Cortado,2384
2020,France,Dry,0
2020,France,Dulce,4
2020,Canada,Manzanilla,4256
2020,Canada,Fino,16709
2020,Canada,Pale Cream,4824
2020,Canada,Amontillado,7196
2020,Canada,Medium,72905
2020,Canada,Oloroso,961
2020,Canada,Cream,175226
2020,Canada,Moscatel,0
2020,Canada,Pedro Ximénez,1415
2020,Canada,Palo Cortado,84
2020,Canada,Dry,19224
2020,Canada,Dulce,0
2020,Denmark,Manzanilla,1910
2020,Denmark,Fino,57960
2020,Denmark,Pale Cream,0
2020,Denmark,Amontillado,1779
2020,Denmark,Medium,29160
2020,Denmark,Oloroso,10506
2020,Denmark,Cream,38471
2020,Denmark,Moscatel,293
2020,Denmark,Pedro Ximénez,5631
2020,Denmark,Palo Cortado,775
2020,Denmark,Dry,0
2020,Denmark,Dulce,0
2020,Sweden,Manzanilla,12015
2020,Sweden,Fino,11196
2020,Sweden,Pale Cream,0
2020,Sweden,Amontillado,633
2020,Sweden,Medium,103082
2020,Sweden,Oloroso,4051
2020,Sweden,Cream,8109
2020,Sweden,Moscatel,329
2020,Sweden,Pedro Ximénez,1701
2020,Sweden,Palo Cortado,519
2020,Sweden,Dry,0
2020,Sweden,Dulce,0
2020,Japan,Manzanilla,22940
2020,Japan,Fino,51150
2020,Japan,Pale Cream,720
2020,Japan,Amontillado,10829
2020,Japan,Medium,13334
2020,Japan,Oloroso,9824
2020,Japan,Cream,9347
2020,Japan,Moscatel,2517
2020,Japan,Pedro Ximénez,8505
2020,Japan,Palo Cortado,1002
2020,Japan,Dry,0
2020,Japan,Dulce,36
2020,Finland,Manzanilla,3056
2020,Finland,Fino,5220
2020,Finland,Pale Cream,0
2020,Finland,Amontillado,49
2020,Finland,Medium,65903
2020,Finland,Oloroso,2715
2020,Finland,Cream,29925
2020,Finland,Moscatel,0
2020,Finland,Pedro Ximénez,23
2020,Finland,Palo Cortado,501
2020,Finland,Dry,0
2020,Finland,Dulce,0
2020,Ireland,Manzanilla,1553
2020,Ireland,Fino,10772
2020,Ireland,Pale Cream,9108
2020,Ireland,Amontillado,696
2020,Ireland,Medium,44627
2020,Ireland,Oloroso,560
2020,Ireland,Cream,615
2020,Ireland,Moscatel,41
2020,Ireland,Pedro Ximénez,2294
2020,Ireland,Palo Cortado,101
2020,Ireland,Dry,0
2020,Ireland,Dulce,0
2020,Other,Manzanilla,48682
2020,Other,Fino,276298
2020,Other,Pale Cream,3767
2020,Other,Amontillado,26522
2020,Other,Medium,150579
2020,Other,Oloroso,27734
2020,Other,Cream,83155
2020,Other,Moscatel,9702
2020,Other,Pedro Ximénez,117998
2020,Other,Palo Cortado,6521
2020,Other,Dry,90
2020,Other,Dulce,0
